category,title,description,url
พระไตรปิฎก ฉบับ มจร,พระไตรปิฎก เล่มที่ ๑ ตอนที่ ๑/๘ ฉบับ มจร แปลไทย พระวินัยปิฎกที่ ๐๑ มหาวิภังค์ ภาค ๑,,https://www.youtube.com/watch?v=uIBgd3xU344
พระไตรปิฎก ฉบับ มจร,พระไตรปิฎก เล่มที่ ๖ ตอนที่ ๑/๕ ฉบับ มจร แปลไทย พระวินัยปิฎกที่ ๐๖ จุลวรรค ภาค ๑,,https://www.youtube.com/watch?v=hiZdwl-6A3c
พระไตรปิฎก ฉบับ มจร,พระไตรปิฎก เล่มที่ ๑ ตอนที่ ๒/๘ ฉบับ มจร แปลไทย พระวินัยปิฎกที่ ๐๑ มหาวิภังค์ ภาค ๑,,https://www.youtube.com/watch?v=RPwe8pYmqxA
พระไตรปิฎก ฉบับ มจร,พระไตรปิฎก เล่มที่ ๑ ตอนที่ ๓/๘ ฉบับ มจร แปลไทย พระวินัยปิฎกที่ ๐๑ มหาวิภังค์ ภาค ๑,,https://www.youtube.com/watch?v=a8PODDTkAcQ
พระไตรปิฎก ฉบับ มจร,พระไตรปิฎก เล่มที่ ๑ ตอนที่ ๔/๘ ฉบับ มจร แปลไทย พระวินัยปิฎกที่ ๐๑ มหาวิภังค์ ภาค ๑,,https://www.youtube.com/watch?v=t9SSFOyYGvg
พระไตรปิฎก ฉบับ มจร,พระไตรปิฎก เล่มที่ ๑ ตอนที่ ๕/๘ ฉบับ มจร แปลไทย พระวินัยปิฎกที่ ๐๑ มหาวิภังค์ ภาค ๑,,https://www.youtube.com/watch?v=e0pmgDcxTH0
พระไตรปิฎก ฉบับ มจร,พระไตรปิฎก เล่มที่ ๑ ตอนที่ ๖/๘ ฉบับ มจร แปลไทย พระวินัยปิฎกที่ ๐๑ มหาวิภังค์ ภาค ๑,,https://www.youtube.com/watch?v=xpTXA72QfzE
พระไตรปิฎก ฉบับ มจร,พระไตรปิฎก เล่มที่ ๑ ตอนที่ ๗/๘ ฉบับ มจร แปลไทย พระวินัยปิฎกที่ ๐๑ มหาวิภังค์ ภาค ๑,,https://www.youtube.com/watch?v=3EikSIAXKd4
พระไตรปิฎก ฉบับ มจร,พระไตรปิฎก เล่มที่ ๑ ตอนที่ ๘/๘ ฉบับ มจร แปลไทย พระวินัยปิฎกที่ ๐๑ มหาวิภังค์ ภาค ๑,,https://www.youtube.com/watch?v=eqk32jMepPU
พระไตรปิฎก ฉบับ มจร,พระไตรปิฎก เล่มที่ ๒ ตอนที่ ๑/๙ ฉบับ มจร แปลไทย พระวินัยปิฎกที่ ๐๒ มหาวิภังค์ ภาค ๒,,https://www.youtube.com/watch?v=lovUkhdYn-M
พระไตรปิฎก ฉบับ มจร,พระไตรปิฎก เล่มที่ ๒ ตอนที่ ๒/๙ ฉบับ มจร แปลไทย พระวินัยปิฎกที่ ๐๒ มหาวิภังค์ ภาค ๒,,https://www.youtube.com/watch?v=ZjczIkAPFAU
พระไตรปิฎก ฉบับ มจร,พระไตรปิฎก เล่มที่ ๒ ตอนที่ ๓/๙ ฉบับ มจร แปลไทย พระวินัยปิฎกที่ ๐๒ มหาวิภังค์ ภาค ๒,,https://www.youtube.com/watch?v=5CBmp4B4U6s
พระไตรปิฎก ฉบับ มจร,พระไตรปิฎก เล่มที่ ๒ ตอนที่ ๔/๙ ฉบับ มจร แปลไทย พระวินัยปิฎกที่ ๐๒ มหาวิภังค์ ภาค ๒,,https://www.youtube.com/watch?v=OexezlRECcI
พระไตรปิฎก ฉบับ มจร,พระไตรปิฎก เล่มที่ ๒ ตอนที่ ๕/๙ ฉบับ มจร แปลไทย พระวินัยปิฎกที่ ๐๒ มหาวิภังค์ ภาค ๒,,https://www.youtube.com/watch?v=NPeKPLXLWGQ
พระไตรปิฎก ฉบับ มจร,พระไตรปิฎก เล่มที่ ๒ ตอนที่ ๖/๙ ฉบับ มจร แปลไทย พระวินัยปิฎกที่ ๐๒ มหาวิภังค์ ภาค ๒,,https://www.youtube.com/watch?v=nw0johCTNcE
พระไตรปิฎก ฉบับ มจร,พระไตรปิฎก เล่มที่ ๒ ตอนที่ ๗/๙ ฉบับ มจร แปลไทย พระวินัยปิฎกที่ ๐๒ มหาวิภังค์ ภาค ๒,,https://www.youtube.com/watch?v=fCVe_AT_EAM
พระไตรปิฎก ฉบับ มจร,พระไตรปิฎก เล่มที่ ๒ ตอนที่ ๘/๙ ฉบับ มจร แปลไทย พระวินัยปิฎกที่ ๐๒ มหาวิภังค์ ภาค ๒,,https://www.youtube.com/watch?v=MzlYRAAvhaU
พระไตรปิฎก ฉบับ มจร,พระไตรปิฎก เล่มที่ ๒ ตอนที่ ๙/๙ ฉบับ มจร แปลไทย พระวินัยปิฎกที่ ๐๒ มหาวิภังค์ ภาค ๒,,https://www.youtube.com/watch?v=RitA3NYx4IE
พระไตรปิฎก ฉบับ มจร,พระไตรปิฎก เล่มที่ ๓ ตอนที่ ๑/๔ ฉบับ มจร แปลไทย พระวินัยปิฎกที่ ๐๓ ภิกขุนีวิภังค์,,https://www.youtube.com/watch?v=BowDfwPFTes
พระไตรปิฎก ฉบับ มจร,พระไตรปิฎก เล่มที่ ๓ ตอนที่ ๒/๔ ฉบับ มจร แปลไทย พระวินัยปิฎกที่ ๐๓ ภิกขุนีวิภังค์,,https://www.youtube.com/watch?v=bVbKvC5UoQg
พระไตรปิฎก ฉบับ มจร,พระไตรปิฎก เล่มที่ ๓ ตอนที่ ๓/๔ ฉบับ มจร แปลไทย พระวินัยปิฎกที่ ๐๓ ภิกขุนีวิภังค์,,https://www.youtube.com/watch?v=KtIF92XzMO4
พระไตรปิฎก ฉบับ มจร,พระไตรปิฎก เล่มที่ ๓ ตอนที่ ๔/๔ ฉบับ มจร แปลไทย พระวินัยปิฎกที่ ๐๓ ภิกขุนีวิภังค์,,https://www.youtube.com/watch?v=YhMir9xFNyk
พระไตรปิฎก ฉบับ มจร,พระไตรปิฎก เล่มที่ ๔ ตอนที่ ๑/๕ ฉบับ มจร แปลไทย พระวินัยปิฎกที่ ๐๔ มหาวรรค ภาค ๑,,https://www.youtube.com/watch?v=uJ7_lA--M1U
พระไตรปิฎก ฉบับ มจร,พระไตรปิฎก เล่มที่ ๔ ตอนที่ ๒/๕ ฉบับ มจร แปลไทย พระวินัยปิฎกที่ ๐๔ มหาวรรค ภาค ๑,,https://www.youtube.com/watch?v=5ZYFeI69zjY
พระไตรปิฎก ฉบับ มจร,พระไตรปิฎก เล่มที่ ๔ ตอนที่ ๓/๕ ฉบับ มจร แปลไทย พระวินัยปิฎกที่ ๐๔ มหาวรรค ภาค ๑,,https://www.youtube.com/watch?v=Cn0Te34b5lc
พระไตรปิฎก ฉบับ มจร,พระไตรปิฎก เล่มที่ ๔ ตอนที่ ๔/๕ ฉบับ มจร แปลไทย พระวินัยปิฎกที่ ๐๔ มหาวรรค ภาค ๑,,https://www.youtube.com/watch?v=oGFGU3MxmMQ
พระไตรปิฎก ฉบับ มจร,พระไตรปิฎก เล่มที่ ๔ ตอนที่ ๕/๕ ฉบับ มจร แปลไทย พระวินัยปิฎกที่ ๐๔ มหาวรรค ภาค ๑,,https://www.youtube.com/watch?v=42_530ZKN_E
พระไตรปิฎก ฉบับ มจร,พระไตรปิฎก เล่มที่ ๕ ตอนที่ ๑/๕ ฉบับ มจร แปลไทย พระวินัยปิฎกที่ ๐๕ มหาวรรค ภาค ๒,,https://www.youtube.com/watch?v=kiT4FUvWc4M
พระไตรปิฎก ฉบับ มจร,พระไตรปิฎก เล่มที่ ๕ ตอนที่ ๒/๕ ฉบับ มจร แปลไทย พระวินัยปิฎกที่ ๐๕ มหาวรรค ภาค ๒,,https://www.youtube.com/watch?v=06yQVnzAUfA
พระไตรปิฎก ฉบับ มจร,พระไตรปิฎก เล่มที่ ๕ ตอนที่ ๓/๕ ฉบับ มจร แปลไทย พระวินัยปิฎกที่ ๐๕ มหาวรรค ภาค ๒,,https://www.youtube.com/watch?v=7FfipFTqITk
พระไตรปิฎก ฉบับ มจร,พระไตรปิฎก เล่มที่ ๕ ตอนที่ ๔/๕ ฉบับ มจร แปลไทย พระวินัยปิฎกที่ ๐๕ มหาวรรค ภาค ๒,,https://www.youtube.com/watch?v=ALNUgXazLY4
พระไตรปิฎก ฉบับ มจร,พระไตรปิฎก เล่มที่ ๕ ตอนที่ ๕/๕ ฉบับ มจร แปลไทย พระวินัยปิฎกที่,,https://www.youtube.com/watch?v=UkuL4kNpa7A
พระไตรปิฎก ฉบับ มจร,พระไตรปิฎก เล่มที่ ๖ ตอนที่ ๒/๕ ฉบับ มจร แปลไทย พระวินัยปิฎกที่ ๐๖ จุลวรรค ภาค ๑,,https://www.youtube.com/watch?v=IE0t0A2Q0fc
พระไตรปิฎก ฉบับ มจร,พระไตรปิฎก เล่มที่ ๖ ตอนที่ ๓/๕ ฉบับ มจร แปลไทย พระวินัยปิฎกที่ ๐๖ จุลวรรค ภาค ๑,,https://www.youtube.com/watch?v=6QoJbsVKDVI
พระไตรปิฎก ฉบับ มจร,พระไตรปิฎก เล่มที่ ๖ ตอนที่ ๔/๕ ฉบับ มจร แปลไทย พระวินัยปิฎกที่ ๐๖ จุลวรรค ภาค ๑,,https://www.youtube.com/watch?v=KhqnqxG35MU
พระไตรปิฎก ฉบับ มจร,พระไตรปิฎก เล่มที่ ๖ ตอนที่ ๕/๕ ฉบับ มจร แปลไทย พระวินัยปิฎกที่ ๐๖ จุลวรรค ภาค ๑,,https://www.youtube.com/watch?v=zxXq4nnVFXQ
พระไตรปิฎก ฉบับ มจร,พระไตรปิฎก เล่มที่ ๗ ตอนที่ ๑/๖ ฉบับ มจร แปลไทย พระวินัยปิฎกที่ ๐๗ จุลวรรค ภาค ๒,,https://www.youtube.com/watch?v=L6zP3VdJpHs
พระไตรปิฎก ฉบับ มจร,พระไตรปิฎก เล่มที่ ๗ ตอนที่ ๒/๖ ฉบับ มจร แปลไทย พระวินัยปิฎกที่ ๐๗ จุลวรรค ภาค ๒,,https://www.youtube.com/watch?v=FBbNJGfOxwE
พระไตรปิฎก ฉบับ มจร,พระไตรปิฎก เล่มที่ ๗ ตอนที่ ๓/๖ ฉบับ มจร แปลไทย พระวินัยปิฎกที่ ๐๗ จุลวรรค ภาค ๒,,https://www.youtube.com/watch?v=SRjceVkC76U
พระไตรปิฎก ฉบับ มจร,พระไตรปิฎก เล่มที่ ๗ ตอนที่ ๔/๖ ฉบับ มจร แปลไทย พระวินัยปิฎกที่ ๐๗ จุลวรรค ภาค ๒,,https://www.youtube.com/watch?v=IXKRDmjXD3Y
พระไตรปิฎก ฉบับ มจร,พระไตรปิฎก เล่มที่ ๗ ตอนที่ ๕/๖ ฉบับ มจร แปลไทย พระวินัยปิฎกที่ ๐๗ จุลวรรค ภาค ๒,,https://www.youtube.com/watch?v=TNNE1HJKIJ8
พระไตรปิฎก ฉบับ มจร,พระไตรปิฎก เล่มที่ ๗ ตอนที่ ๖/๖ ฉบับ มจร แปลไทย พระวินัยปิฎกที่ ๐๗ จุลวรรค ภาค ๒,,https://www.youtube.com/watch?v=-avGuuOIkPk
พระไตรปิฎก ฉบับ มจร,พระไตรปิฎก เล่มที่ ๘ ตอนที่ ๑/๘ ฉบับ มจร แปลไทย พระวินัยปิฎกที่ ๐๘ ปริวาร,,https://www.youtube.com/watch?v=aYaoj22E0ME
พระไตรปิฎก ฉบับ มจร,พระไตรปิฎก เล่มที่ ๘ ตอนที่ ๒/๘ ฉบับ มจร แปลไทย พระวินัยปิฎกที่ ๐๘ ปริวาร,,https://www.youtube.com/watch?v=wo3VsLTnGG0
พระไตรปิฎก ฉบับ มจร,พระไตรปิฎก เล่มที่ ๘ ตอนที่ ๓/๘ ฉบับ มจร แปลไทย พระวินัยปิฎกที่ ๐๘ ปริวาร,,https://www.youtube.com/watch?v=5kMnW9MYcu0
พระไตรปิฎก ฉบับ มจร,พระไตรปิฎก เล่มที่ ๘ ตอนที่ ๔/๘ ฉบับ มจร แปลไทย พระวินัยปิฎกที่ ๐๘ ปริวาร,,https://www.youtube.com/watch?v=AdEXJhb0kvQ
พระไตรปิฎก ฉบับ มจร,พระไตรปิฎก เล่มที่ ๘ ตอนที่ ๕/๘ ฉบับ มจร แปลไทย พระวินัยปิฎกที่ ๐๘ ปริวาร,,https://www.youtube.com/watch?v=nA6QjSTL-6A
พระไตรปิฎก ฉบับ มจร,พระไตรปิฎก เล่มที่ ๘ ตอนที่ ๖/๘ ฉบับ มจร แปลไทย พระวินัยปิฎกที่ ๐๘ ปริวาร,,https://www.youtube.com/watch?v=dv5djDTccUU
พระไตรปิฎก ฉบับ มจร,พระไตรปิฎก เล่มที่ ๘ ตอนที่ ๗/๘ ฉบับ มจร แปลไทย พระวินัยปิฎกที่ ๐๘ ปริวาร,,https://www.youtube.com/watch?v=MWbOWyvUUN8
พระไตรปิฎก ฉบับ มจร,พระไตรปิฎก เล่มที่ ๘ ตอนที่ ๘/๘ ฉบับ มจร แปลไทย พระวินัยปิฎกที่ ๐๘ ปริวาร,,https://www.youtube.com/watch?v=0o5oYKf-ja0